id_risp,id_aisp,id_cisp,id_municipio,unidade_territorial,regiao
1,16,38,3304557,Brás de Pina (parte); Cordovil; Jardim América; Parada de Lucas;Penha Circular (parte) e Vigário Geral,Metropolitana
1,16,22,3304557,Brás de Pina (parte); Olaria; Penha e Penha Circular (parte),Metropolitana
1,17,37,3304557,Bancários; Cacuia; Cidade Universitária; Cocotá; Freguesia; Galeão; Jardim Carioca; Jardim Guanabara; Moneró; Pitangueiras; Portuguesa; Praia da Bandeira; Ribeira; Tauá e Zumbi,Metropolitana
1,19,12,3304557,Copacabana (parte) e Leme,Metropolitana
1,19,13,3304557,Copacabana (parte),Metropolitana
1,2,10,3304557,Botafogo; Humaitá e Urca,Metropolitana
1,2,9,3304557,Catete; Cosme Velho; Flamengo; Glória e Laranjeiras,Metropolitana
1,22,21,3304557,Benfica; Bonsucesso; Higienópolis; Manguinhos; Maré e Ramos,Metropolitana
1,23,15,3304557,Gávea; Jardim Botânico; Lagoa; São Conrado e Vidigal,Metropolitana
1,23,14,3304557,Ipanema e Leblon,Metropolitana
1,23,11,3304557,Rocinha,Metropolitana
1,3,24,3304557,Abolição; Água Santa (parte); Encantado; Engenho de Dentro (parte); Pilares e Piedade,Metropolitana
1,3,25,3304557,Engenho Novo; Jacaré; Jacarezinho; Riachuelo; Rocha; Sampaio e São Francisco Xavier,Metropolitana
1,3,26,3304557,Água Santa (parte); Engenho de Dentro (parte); Lins de Vasconcelos e Todos os Santos,Metropolitana
1,3,23,3304557,Cachambi; Méier (parte) e Todos os Santos (parte),Metropolitana
1,3,44,3304557,Del Castilho; Engenho da Rainha; Inhaúma; Maria da Graça e Tomás Coelho,Metropolitana
1,4,6,3304557,Catumbi; Cidade Nova; Estácio; Rio Comprido e Centro (parte),Metropolitana
1,4,17,3304557,Caju; Mangueira; São Cristóvão e Vasco da Gama,Metropolitana
1,5,7,3304557,Santa Teresa,Metropolitana
1,5,4,3304557,Centro (parte); Gamboa; Santo Cristo e Saúde,Metropolitana
1,5,1,3304557,Centro (parte),Metropolitana
1,5,5,3304557,Centro (parte); Lapa e Paquetá,Metropolitana
1,6,20,3304557,Andaraí; Grajaú e Vila Isabel,Metropolitana
1,6,19,3304557,Alto da Boa Vista e Tijuca (parte),Metropolitana
1,6,18,3304557,Maracanã; Praça da Bandeira e Tijuca (parte),Metropolitana
2,14,33,3304557,Campo dos Afonsos; Deodoro; Jardim Sulacap; Magalhães Bastos; Realengo e Vila Militar,Metropolitana
2,14,34,3304557,Bangu; Gericinó; Padre Miguel e Senador Camará,Metropolitana
2,18,41,3304557,Freguesia (Jacarepaguá); Pechincha e Tanque (parte),Metropolitana
2,18,32,3304557,Anil; Cidade de Deus; Curicica; Gardênia Azul; Jacarepaguá e Taquara,Metropolitana
2,18,28,3304557,Vila Valqueire; Praça Seca e Tanque (parte),Metropolitana
2,27,43,3304557,Guaratiba; Pedra de Guaratiba e Sepetiba,Metropolitana
2,27,36,3304557,Paciência e Santa Cruz,Metropolitana
2,31,16,3304557,Barra da Tijuca; Itanhangá; Joá,Metropolitana
2,31,42,3304557,Recreio dos Bandeirantes; Barra de Guaratiba; Camorim; Grumari; Vargem Grande e Vargem Pequena,Metropolitana
2,40,35,3304557,Campo Grande; Cosmos; Inhoaíba; Santíssimo e Senador Vasconcelos,Metropolitana
2,41,31,3304557,Anchieta; Guadalupe; Parque Anchieta e Ricardo de Albuquerque,Metropolitana
2,41,27,3304557,Colégio (parte); Irajá; Vicente de Carvalho; Vila Kosmos; Vila da Penha e Vista Alegre,Metropolitana
2,41,39,3304557,Acari; Barros Filho; Costa Barros; Parque Colúmbia e Pavuna,Metropolitana
2,9,30,3304557,Bento Ribeiro; Campinho; Marechal Hermes e Oswaldo Cruz (parte),Metropolitana
2,9,40,3304557,Coelho Neto; Colégio (parte); Honório Gurgel e Rocha Miranda,Metropolitana
2,9,29,3304557,Cavalcanti; Engenheiro Leal; Madureira; Turiaçu; Vaz Lobo; Oswaldo Cruz (parte); Cascadura e Quintino Bocaiúva,Metropolitana
3,15,60,3301702,Campos Elyseos,Metropolitana
3,15,62,3301702,Imbariê,Metropolitana
3,15,61,3301702,Xerém,Metropolitana
3,15,59,3301702,Duque de Caxias (Centro),Metropolitana
3,20,56,3303500,Comendador Soares; Cabuçú e Km32,Metropolitana
3,20,52,3303500,Centro,Metropolitana
3,20,53,3302858,Mesquita; Chatuba e Banco de Areia,Metropolitana
3,20,57,3303203,Nilópolis e Olinda,Metropolitana
3,20,58,3303500,Posse; Austin; Miguel Couto; Vila de Cava e Tinguá,Metropolitana
3,21,64,3305109,São João de Meriti; Coelho da Rocha e São Mateus,Metropolitana
3,24,51,3303609,Paracambi,Metropolitana
3,24,55,3304144,Centro; Norte; Sul. Leste; Oeste e Nordeste,Metropolitana
3,24,50,3302007,Itaguaí e Ibituporanga,Metropolitana
3,24,63,3302270,Japeri; Engenheiro Pedreira; Marajoara; Pedra Lisa e Rio D`Ouro,Metropolitana
3,24,48,3305554,Seropédica,Metropolitana
3,34,66,3302502,Inhomirim e Guia de Copaíba,Metropolitana
3,34,65,3302502,Magé; Santo Aleixo e Suruí,Metropolitana
3,34,67,3301850,Guapimirim,Metropolitana
3,39,54,3300456,Areia Branca; Jardim Redentor; Parque São José; Nova Aurora e Lote XV,Metropolitana
4,12,79,3303302,Jurujuba; Charitas; São Francisco; Cachoeiras; Maceió; Largo da Batalha; Ititioca; Badu; Sapê; Matapaca; Vila Progresso; Muriqui; Maria Paula e Cantagalo,Metropolitana
4,12,76,3303302,Centro; Ponta da Areia; Ilha da Conceição; São Lourenço; Fátima; Morro do Estado; Ingá; São Domingos; Gragoatá e Boa Viagem,Metropolitana
4,12,77,3303302,Santa Rosa; Icaraí; Vital Brasil; Pé Pequeno; Viradouro e Cubango,Metropolitana
4,12,81,3303302,Itaipu; Camboinhas; Itacoatiara; Piratininga; Cafubá; Jacaré; Rio do Ouro; Engenho do Mato; Várzea das Moças e Jardim Imbuí,Metropolitana
4,12,78,3303302,Fonseca; Viçoso Jardim; Caramujo; Baldeador; Santa Bárbara; Tenente Jardim; Engenhoca; Santana e Barreto,Metropolitana
4,12,82,3302700,Maricá e Inoã,Metropolitana
4,25,127,3300233,Armação dos Búzios,Baixadas Litorâneas
4,25,125,3305208,São Pedro da Aldeia,Baixadas Litorâneas
4,25,132,3300258,Arraial do Cabo,Baixadas Litorâneas
4,25,124,3305505,Saquarema; Bacaxá e Sampaio Correia,Baixadas Litorâneas
4,25,118,3300209,Araruama; Morro Grande e São Vicente de Paula,Baixadas Litorâneas
4,25,126,3300704,Cabo Frio e Tamoios,Baixadas Litorâneas
4,25,129,3301876,Iguaba Grande,Baixadas Litorâneas
4,35,71,3301900,Itaboraí; Cabuçú; Itambí; Porto das Caixas e Sambaetiba,Metropolitana
4,35,159,3300803,Cachoeiras de Macacu; Japuíba e Subaio,Metropolitana
4,35,119,3304300,Rio Bonito e Boa Esperança,Metropolitana
4,35,70,3305752,Tanguá,Metropolitana
4,35,120,3305604,Silva Jardim; Aldeia Velha; Correntezas e Gaviões,Baixadas Litorâneas
4,7,74,3304904,Monjolo,Metropolitana
4,7,72,3304904,São Gonçalo,Metropolitana
4,7,73,3304904,Neves,Metropolitana
4,7,75,3304904,Ipiiba e Sete Pontes,Metropolitana
5,10,96,3302908,Miguel Pereira; Governador Portela e Conrado,Centro-Sul Fluminense
5,10,97,3302809,Mendes,Centro-Sul Fluminense
5,10,92,3304508,Rio das Flores; Manuel Duarte; Abarracamento e Taboas,Médio Paraíba
5,10,91,3306107,Valença; Barão de Juparana; Conservatória; Parapeúna; Pentagna e Santa Isabel do Rio Preto,Médio Paraíba
5,10,94,3304003,Piraí; Arrozal; Monumento e Santanésia,Médio Paraíba
5,10,88,3300308,Barra do Piraí; Dorandia; Ipiabas; São José do Turvo e Vargem Alegre,Médio Paraíba
5,10,98,3301801,Engenheiro Paulo de Frontin e Sacra Família do Tinguá,Centro-Sul Fluminense
5,10,96,3303856,Paty do Alferes e Avelar,Centro-Sul Fluminense
5,10,95,3306206,Vassouras; Andrade Pinto; São Sebastião dos Ferreiros e Sebastião de Lacerda,Centro-Sul Fluminense
5,28,93,3306305,Volta Redonda,Médio Paraíba
5,28,168,3304409,Rio Claro; Getulândia; Lídice; Passa Três e São João Marcos,Médio Paraíba
5,28,90,3300407,Antonio Rocha; Floriano; Nossa Senhora do Amparo; Rialto e Regiões Administrativas I; II; III; IV; V; VI; VII; VIII; IX; X; XI; XII; XIII; XIV,Médio Paraíba
5,28,101,3303955,Pinheiral,Médio Paraíba
5,33,166,3300100,Angra dos Reis; Jacuecanga; Cunhambebe; Mambucaba; Abraão e Praia de Araçatiba,Costa Verde
5,33,165,3302601,Mangaratiba; Conceição de Jacareí; Vila Muriquí; Itacuruçá,Costa Verde
5,33,167,3303807,Paraty; Paraty-Mirim e Tarituba,Costa Verde
5,37,100,3304128,Quatis; Falcão e Ribeirão de São Joaquim,Médio Paraíba
5,37,89,3304201,Resende; Engenheiro Passos; Agulhas Negras; Pedra Selada e Fumaça,Médio Paraíba
5,37,100,3304110,Porto Real,Médio Paraíba
5,37,99,3302254,Itatiaia,Médio Paraíba
6,29,138,3302304,Laje do Muriaé,Noroeste Fluminense
6,29,140,3306156,Varre-Sai,Noroeste Fluminense
6,29,148,3301157,Cardoso Moreira e São Joaquim,Norte Fluminense
6,29,148,3302056,Italva,Noroeste Fluminense
6,29,139,3304102,Porciúncula; Purilândia e Santa Clara,Noroeste Fluminense
6,29,144,3300605,Bom Jesus de Itabapoana; Carabuçú; Calheiros; Pirapetinga de Bom Jesus; Rosal e Serrinha,Noroeste Fluminense
6,29,143,3305133,São José de Ubá,Noroeste Fluminense
6,29,143,3302205,Itaperuna; Boaventura; Nossa Senhora da Penha; Itajara; Retiro do Muriaé; Raposo e Comendador Venâncio,Noroeste Fluminense
6,29,140,3303104,Natividade; Ourania e Bom Jesus do Querendo,Noroeste Fluminense
6,32,122,3301405,Conceição de Macabú e Macabuzinho,Norte Fluminense
6,32,121,3301306,Casimiro de Abreu; Professor Souza; Barra de São João e Rio Dourado,Baixadas Litorâneas
6,32,123,3302403,Centro; Cabiúnas; Barra de Macaé; Aeroporto e Imboassica,Norte Fluminense
6,32,130,3304151,Quissamã,Norte Fluminense
6,32,128,3304524,Rio das Ostras,Baixadas Litorâneas
6,32,130,3300936,Centro; UB-S; Rodagem; Carapebus e Praia de Carapebus,Norte Fluminense
6,36,136,3300159,Aperibé,Noroeste Fluminense
6,36,155,3305307,São Sebastião do Alto; Valão do Barro e Ipituna,Serrana
6,36,135,3302106,Itaocara; Portela; Batatal; Laranjais; Jaguarembe e Estrada Nova,Noroeste Fluminense
6,36,136,3304706,Santo Antônio de Pádua; Campelo; Paraoquena; Monte Alegre; Ibitiguaçú; Santa Cruz; Baltazar; Marangatú e São Pedro de Alcântara,Noroeste Fluminense
6,36,142,3300902,Cambuci; Três Irmãos; Funil; Monte Verde e São João do Paraíso,Noroeste Fluminense
6,36,137,3303005,Miracema; Venda das Flores e Paraíso do Tobias,Noroeste Fluminense
6,8,134,3301009,Campos dos Goytacazes (Primeiro Subdistrito; Segundo Subdistrito e Quarto Subdistrito); Ibitioca; Dores de Macabu; Morangaba; Mussurepe; Serrinha; Santo Amaro de Campos; São Sebastião de Campos e Tocos,Norte Fluminense
6,8,141,3304805,São Fidelis; Cambiasca; Colonia; Ipuca e Pureza,Norte Fluminense
6,8,147,3304755,São Francisco de Itabapoana; Maniva e Barra Seca,Norte Fluminense
6,8,146,3301009,Campos dos Goytacazes (Terceiro Subdistrito); Santa Maria; Morro do Coco; Santo Eduardo; Travessão e Vila Nova de Campos,Norte Fluminense
6,8,145,3305000,Barcelos; Atafona; São João da Barra; Grussaí; Cajueiro e Pipeiras,Norte Fluminense
7,11,152,3301603,Duas Barras e Monnerat,Serrana
7,11,158,3300506,Bom Jardim; Banquete; Barra Alegre e São José do Ribeirão,Serrana
7,11,154,3301504,Cordeiro,Serrana
7,11,151,3303401,Nova Friburgo; São Pedro da Serra; Lumiar; Amparo; Riograndina; Conselheiro Paulino e Campo do Coelho,Serrana
7,11,153,3301108,Cantagalo; Santa Rita da Floresta; Boa Sorte; Euclidelândia e São Sebastião do Paraíba,Serrana
7,11,154,3302452,Macuco,Serrana
7,11,156,3304607,Santa Maria Madalena; Doutor Loreti; Renascença; Santo Antônio do Imbé; Sossego e Triunfo,Serrana
7,11,157,3305901,Trajano de Moraes; Doutor Elias; Sodrelândia; Vila da Grama e Visconde de Imbé,Serrana
7,26,105,3303906,Petrópolis e Cascatinha,Metropolitana
7,26,106,3303906,Itaipava; Pedro do Rio e Posse,Metropolitana
7,30,111,3305703,Sumidouro,Serrana
7,30,104,3305158,São José do Vale do Rio Preto,Serrana
7,30,112,3301207,Carmo; Córrego da Prata e Porto Velho do Cunha,Serrana
7,30,110,3305802,Teresópolis; Vale do Bonsucesso e Vale do Paquequer,Serrana
7,38,108,3300225,Areal,Centro-Sul Fluminense
7,38,109,1507755,Sapucaia; Anta; Pião; Nossa Senhora Aparecida e Jamapara,Centro-Sul Fluminense
7,38,108,3300951,Comendador Levy Gasparian e Afonso Arinos,Centro-Sul Fluminense
7,38,107,3303708,Paraíba do Sul; Werneck; Salutaris e Inconfidência,Centro-Sul Fluminense
7,38,108,3306008,Três Rios e Bemposta,Centro-Sul Fluminense
